"City,Lat,Lng,Temp,Max Temp,Humidity,Cloudiness,Wind Speed,Country,Date"
"ilulissat,69.22,-51.1,48.2,48.2,87,90,4.1,GL,1595704194"
"dzerzhinsk,56.24,43.46,57.128,60.998000000000005,87,20,1.38,RU,1595704237"
"hilo,19.73,-155.09,76.766,82.4,65,90,3.1,US,1595704199"
"el cobre,20.05,-75.95,87.80000000000001,87.80000000000001,66,20,4.1,CU,1595704513"
"cherskiy,68.75,161.3,72.968,72.968,50,0,1.55,RU,1595704221"
"tambaram,12.93,80.11,80.6,80.6,78,40,4.6,IN,1595704513"
"rikitea,-23.12,-134.97,69.44,69.44,80,12,9.84,PF,1595704202"
"hithadhoo,-0.6,73.08,82.184,82.184,74,100,5.86,MV,1595704215"
"victoria,22.29,114.16,84.70400000000001,86.0,74,100,4.47,HK,1595703969"
"sukhaya buyvola,45.15,43.0,77.0,77.0,29,19,9.0,RU,1595704514"
"arraial do cabo,-22.97,-42.03,82.4,82.4,54,0,6.2,BR,1595704202"
"maceio,-9.67,-35.74,78.80000000000001,78.80000000000001,65,75,7.2,BR,1595704014"
"labuhan,-6.88,112.21,73.79599999999999,73.79599999999999,79,100,2.68,ID,1595704227"
"dikson,73.51,80.55,40.316,40.316,89,0,6.68,RU,1595704203"
"vaini,-21.2,-175.2,71.6,71.6,78,75,4.1,TO,1595704192"
"raudeberg,61.99,5.14,59.288,60.8,67,56,4.1,NO,1595704291"
"nuuk,64.18,-51.72,49.135999999999996,50.0,87,75,5.7,GL,1595704215"
"ponta do sol,32.67,-17.1,71.834,75.2,64,20,7.2,PT,1595704204"
"cabo san lucas,22.89,-109.91,86.612,87.008,55,5,1.5,MX,1595704152"
"bredasdorp,-34.53,20.04,57.2,57.2,82,0,3.6,ZA,1595704200"
"umm kaddadah,13.6,26.69,96.72800000000001,96.72800000000001,26,1,5.06,SD,1595704256"
"katsuura,35.13,140.3,75.992,77.0,94,100,5.3,JP,1595704288"
"venice,27.1,-82.45,89.096,89.99600000000001,62,40,5.1,US,1595704515"
"longyearbyen,78.22,15.64,62.6,62.6,67,0,5.1,SJ,1595704210"
"tuktoyaktuk,69.45,-133.04,50.0,50.0,87,90,5.7,CA,1595704194"
"chimala,-8.85,34.02,58.442,58.442,59,0,2.75,TZ,1595704516"
"soe,-9.86,124.28,58.766,58.766,98,0,2.01,ID,1595704516"
"bluff,-46.6,168.33,50.288,50.288,82,100,8.24,NZ,1595704216"
"ushuaia,-54.8,-68.3,30.2,30.2,92,75,10.8,AR,1595704096"
"busselton,-33.65,115.33,50.647999999999996,51.998000000000005,82,31,3.34,AU,1595704196"
"povorino,51.19,42.25,60.998000000000005,60.998000000000005,67,5,1.65,RU,1595704517"
"cape town,-33.93,18.42,59.09,60.998000000000005,87,40,2.6,ZA,1595703909"
"kavieng,-2.57,150.8,82.02199999999999,82.02199999999999,80,100,6.62,PG,1595704227"
"hermanus,-34.42,19.23,53.996,53.996,94,1,5.74,ZA,1595704218"
"jamestown,42.1,-79.24,78.80000000000001,80.99600000000001,69,75,3.1,US,1595703955"
"whitecourt,54.15,-115.69,62.6,62.6,67,75,6.7,CA,1595704270"
"beringovskiy,63.05,179.32,57.650000000000006,57.650000000000006,65,95,1.49,RU,1595704389"
"chokurdakh,70.63,147.92,72.78800000000001,72.78800000000001,44,100,2.71,RU,1595704195"
"faanui,-16.48,-151.75,77.45,77.45,79,14,8.06,PF,1595704195"
"puerto ayora,-0.74,-90.35,72.59,77.0,65,75,8.7,EC,1595704202"
"nikolskoye,59.7,30.79,59.234,60.8,87,75,2.0,RU,1595704195"
"port alfred,-33.59,26.89,69.69200000000001,69.69200000000001,31,0,4.9,ZA,1595703933"
"nelipyno,48.56,23.03,60.008,66.00200000000001,93,100,0.45,UA,1595704518"
"vardo,70.37,31.11,57.344,57.344,80,0,6.64,NO,1595704239"
"carnarvon,-24.87,113.63,55.400000000000006,55.400000000000006,93,0,2.6,AU,1595704203"
"shimoda,34.67,138.95,71.006,71.006,95,100,2.7,JP,1595704398"
"caruray,10.31,119.01,78.99799999999999,78.99799999999999,78,32,1.27,PH,1595704257"
"elko,41.0,-115.5,85.1,87.80000000000001,14,1,2.6,US,1595704519"
"valencia,39.33,-0.83,79.664,80.006,71,0,2.24,ES,1595704519"
"pevek,69.7,170.31,45.59,45.59,93,2,2.41,RU,1595704193"
"kamenka,51.32,42.77,60.998000000000005,60.998000000000005,61,0,1.77,RU,1595704246"
"albany,42.6,-73.97,87.008,89.006,33,100,3.3,US,1595703969"
"wyndham,37.7,-77.61,93.16399999999999,96.00800000000001,52,49,0.45,US,1595704520"
"hobart,-42.88,147.33,39.776,41.0,86,1,1.5,AU,1595704079"
"poum,-20.23,164.02,73.202,73.202,82,1,8.88,NC,1595704283"
"kapaa,22.08,-159.32,76.712,80.006,94,90,6.7,US,1595704166"
"babstovo,48.12,132.48,63.284,63.284,88,97,1.45,RU,1595704520"
"havre-saint-pierre,50.23,-63.6,71.6,71.6,64,1,6.7,CA,1595704293"
"raul soares,-20.1,-42.45,77.936,77.936,42,0,1.21,BR,1595704521"
"noshiro,40.2,140.02,70.124,70.124,90,100,2.57,JP,1595704323"
"sembakung,3.82,117.25,73.184,73.184,98,85,0.8,ID,1595704521"
"mataura,-46.19,168.86,42.782,42.782,90,100,1.95,NZ,1595704194"
"cairns,-16.92,145.77,63.31999999999999,66.2,82,6,4.1,AU,1595704259"
"la ronge,55.1,-105.28,59.0,59.0,87,90,4.1,CA,1595704321"
"honningsvag,70.98,25.97,60.367999999999995,60.367999999999995,64,13,5.29,NO,1595704522"
"namibe,-15.2,12.15,69.836,69.836,84,95,1.87,AO,1595704209"
"mount gambier,-37.83,140.77,37.4,37.4,100,90,3.6,AU,1595704237"
"kadoma,34.73,135.58,74.48,75.00200000000001,95,100,1.21,JP,1595704522"
"huarmey,-10.07,-78.15,67.44200000000001,67.44200000000001,67,16,4.67,PE,1595704199"
"skierniewice,51.95,20.16,65.372,69.008,93,12,1.04,PL,1595704523"
"vanavara,60.34,102.28,50.900000000000006,50.900000000000006,77,100,1.52,RU,1595704523"
"ust-maya,60.42,134.53,60.476,60.476,51,0,3.41,RU,1595704523"
"negombo,7.21,79.84,77.0,77.0,94,40,2.1,LK,1595704523"
"linqing,36.85,115.71,79.844,79.844,51,100,1.84,CN,1595704524"
"pujili,-0.95,-78.68,61.034,62.6,55,40,9.8,EC,1595704524"
"fort saint james,54.43,-124.25,67.028,67.028,39,0,2.49,CA,1595704524"
"puerto guzman,0.97,-76.59,78.74600000000001,78.74600000000001,84,88,0.43,CO,1595704524"
"lago da pedra,-4.33,-45.17,89.456,89.456,43,79,2.1,BR,1595704524"
"laguna,38.42,-121.42,80.816,82.004,41,5,1.5,US,1595704121"
"bihar,47.15,21.92,68.882,69.80000000000001,83,100,2.1,RO,1595704525"
"vostok,46.49,135.88,55.346000000000004,55.346000000000004,98,59,1.46,RU,1595704239"
"talnakh,69.49,88.4,48.2,48.2,81,0,8.0,RU,1595704228"
"great falls,47.5,-111.3,73.292,73.994,23,1,2.1,US,1595704267"
"vallenar,-28.57,-70.76,79.628,79.628,11,100,1.81,CL,1595704525"
"esperance,-33.87,121.9,57.2,57.2,47,40,5.7,AU,1595703997"
"sao joao da barra,-21.64,-41.05,82.4,82.4,48,0,5.1,BR,1595704197"
"grand gaube,-20.01,57.66,68.0,68.0,64,60,3.58,MU,1595704364"
"bethel,41.37,-73.41,86.864,89.99600000000001,51,40,5.1,US,1595704201"
"turkan,40.36,50.22,77.0,77.0,69,0,2.1,AZ,1595704526"
"imbituba,-28.24,-48.67,60.8,60.8,72,75,6.2,BR,1595704032"
"yerkoy,39.64,34.47,71.06,71.06,53,0,2.52,TR,1595704526"
"kandrian,-6.22,149.55,79.826,79.826,82,100,5.97,PG,1595704526"
"georgetown,5.41,100.34,77.63,78.80000000000001,94,40,2.1,MY,1595704195"
"barrow,71.29,-156.79,33.8,33.8,100,90,1.5,US,1595704205"
"yellowknife,62.46,-114.35,66.11,66.2,55,20,5.1,CA,1595704196"
"ribeira grande,38.52,-28.7,73.4,73.4,88,75,4.6,PT,1595704198"
"atuona,-9.8,-139.03,79.53800000000001,79.53800000000001,74,0,8.61,PF,1595704205"
"yarensk,62.17,49.09,60.08,60.08,86,24,1.36,RU,1595704527"
"souillac,-20.52,57.52,68.0,68.0,56,75,7.2,MU,1595704200"
"saint george,37.1,-113.58,87.80000000000001,87.80000000000001,25,1,1.0,US,1595704193"
"saldanha,-33.01,17.94,59.0,59.0,77,0,0.5,ZA,1595704098"
"saint-philippe,-21.36,55.77,59.0,66.2,55,90,7.2,RE,1595704219"
"grindavik,63.84,-22.43,51.8,51.8,76,75,10.8,IS,1595704200"
"klaksvik,62.23,-6.59,51.8,51.8,87,100,9.8,FO,1595704238"
"gornopravdinsk,60.05,69.9,50.864000000000004,50.864000000000004,74,9,1.7,RU,1595704235"
"yagodnoye,62.55,149.67,59.666,59.666,53,1,1.87,RU,1595704528"
"clyde river,70.47,-68.59,60.8,60.8,51,1,10.8,CA,1595704220"
"qaanaaq,77.48,-69.36,45.518,45.518,56,0,1.01,GL,1595704196"
"punta arenas,-53.15,-70.92,33.386,33.8,55,74,4.6,CL,1595704199"
"general roca,-39.03,-67.58,59.0,59.0,37,100,8.2,AR,1595704529"
"port macquarie,-31.43,152.92,56.66,57.2,100,75,3.1,AU,1595704219"
"encheng,22.18,112.3,80.042,80.042,85,99,2.19,CN,1595704529"
"meulaboh,4.14,96.13,76.964,76.964,87,100,1.56,ID,1595704294"
"lodja,-3.48,23.43,77.95400000000001,77.95400000000001,42,0,0.31,CD,1595704529"
"tasiilaq,65.61,-37.64,44.6,44.6,75,40,4.6,GL,1595704194"
"lancaster,40.25,-76.25,87.782,89.006,63,33,0.89,US,1595704530"
"awbari,26.59,12.78,87.02600000000001,87.02600000000001,16,0,4.16,LY,1595704271"
"geraldton,-28.77,114.6,51.8,51.8,87,0,5.7,AU,1595704228"
"east london,-33.02,27.91,71.50999999999999,71.50999999999999,27,0,3.88,ZA,1595704241"
"krasnoselkup,65.7,82.47,54.95,54.95,70,100,4.12,RU,1595704202"
"tiksi,71.69,128.87,39.776,39.776,96,100,8.32,RU,1595704194"
"samoded,63.61,40.51,57.704,57.704,78,100,0.94,RU,1595704531"
"mehamn,71.04,27.85,62.348,62.348,62,13,5.09,NO,1595704226"
"quelimane,-17.88,36.89,68.0,68.0,82,40,1.5,MZ,1595704253"
"udachnyy,66.42,112.4,52.628,52.628,88,98,7.97,RU,1595704269"
"new norfolk,-42.78,147.06,38.480000000000004,39.992000000000004,91,6,1.2,AU,1595704212"
"kaitangata,-46.28,169.85,44.006,44.006,70,81,1.79,NZ,1595704219"
"gberia fotombu,9.88,-11.17,72.05000000000001,72.05000000000001,94,100,2.52,SL,1595704531"
"yakeshi,49.28,120.73,63.158,63.158,86,27,1.91,CN,1595704388"
"grand forks,47.93,-97.03,86.0,86.0,62,20,2.6,US,1595704532"
"paamiut,61.99,-49.67,46.418,46.418,85,49,1.7,GL,1595704237"
"bengkulu,-3.8,102.27,75.218,75.218,89,2,2.72,ID,1595704106"
"hohhot,40.81,111.65,64.4,64.4,93,20,1.0,CN,1595704532"
"oistins,13.07,-59.53,87.80000000000001,87.80000000000001,70,40,6.7,BB,1595704531"
"mar del plata,-38.0,-57.56,53.528000000000006,53.996,62,19,7.2,AR,1595704231"
"carnduff,49.17,-101.8,84.83000000000001,84.83000000000001,41,52,6.18,CA,1595704533"
"abbeville,50.1,1.83,64.994,64.994,78,100,4.73,FR,1595704533"
"gat,31.61,34.76,78.404,82.004,60,0,3.39,IL,1595704248"
"abha,18.22,42.51,75.794,80.6,83,20,2.6,SA,1595704463"
"zhangjiakou,40.81,114.88,66.218,66.218,71,100,2.22,CN,1595704533"
"castro,-24.79,-50.01,68.774,68.774,59,100,2.84,BR,1595704237"
"kenora,49.82,-94.43,77.52199999999999,78.008,78,75,6.2,CA,1595704444"
"gbadolite,4.28,21.02,72.968,72.968,90,93,0.87,CD,1595704241"
"houma,29.6,-90.72,81.824,82.4,78,75,7.2,US,1595704286"
"mahebourg,-20.41,57.7,68.0,68.0,56,75,7.2,MU,1595704054"
"khatanga,71.97,102.5,40.766,40.766,88,100,4.97,RU,1595704207"
"nieuwpoort,51.12,2.77,63.35600000000001,64.4,93,100,2.1,BE,1595704534"
"san andres,12.58,-81.7,87.80000000000001,87.80000000000001,70,75,4.1,CO,1595704535"
"constitucion,-35.33,-72.42,53.096000000000004,53.096000000000004,63,72,3.12,CL,1595704166"
"russell,32.35,-85.2,91.63400000000001,91.994,52,40,3.23,US,1595704448"
"halifax,44.65,-63.57,79.07,84.992,54,57,1.79,CA,1595704515"
"hobyo,5.35,48.53,77.36,77.36,77,0,10.56,SO,1595704244"
"wajima,37.4,136.9,74.53399999999999,74.53399999999999,85,100,3.03,JP,1595704535"
"rio tercero,-32.17,-64.11,60.008,60.008,26,100,0.89,AR,1595704536"
"suraabad,40.82,49.47,77.0,77.0,69,0,2.1,AZ,1595704536"
"te anau,-45.42,167.72,42.764,42.764,84,98,2.12,NZ,1595704242"
"kodiak,57.79,-152.41,55.400000000000006,55.400000000000006,82,90,2.6,US,1595704193"
"hokitika,-42.72,170.97,46.778000000000006,46.778000000000006,81,94,1.22,NZ,1595704459"
"orocue,4.79,-71.34,73.382,73.382,94,99,3.3,CO,1595704536"
"oriximina,-1.77,-55.87,92.38999999999999,92.38999999999999,40,0,3.54,BR,1595704536"
"hofn,64.25,-15.21,51.025999999999996,51.025999999999996,80,100,6.5,IS,1595704203"
"telenesti,47.5,28.37,77.63,80.99600000000001,36,100,1.0,MD,1595704537"
"nichinan,31.6,131.37,73.994,75.00200000000001,83,75,2.1,JP,1595704301"
"swan hill,-35.34,143.55,42.242000000000004,42.242000000000004,88,53,2.46,AU,1595704537"
"nanortalik,60.14,-45.24,44.78,44.78,83,100,3.95,GL,1595704259"
"old saybrook,41.29,-72.38,86.144,91.004,62,90,3.6,US,1595704537"
"grand haven,43.06,-86.23,81.914,84.2,54,75,4.1,US,1595704408"
"abashiri,44.02,144.27,58.028000000000006,58.028000000000006,85,97,0.6,JP,1595704538"
"noyabrsk,63.2,75.45,54.464,54.464,66,0,3.74,RU,1595704538"
"port elizabeth,-33.92,25.57,62.6,62.6,39,0,3.1,ZA,1595704193"
"lebu,-37.62,-73.65,51.962,51.962,83,100,9.58,CL,1595704208"
"sur,22.57,59.53,88.142,88.142,59,11,6.55,OM,1595704198"
"nieuw nickerie,5.95,-56.98,83.35400000000001,83.35400000000001,75,16,3.14,SR,1595704539"
"upernavik,72.79,-56.15,44.528,44.528,93,100,8.41,GL,1595704230"
"ayagoz,47.97,80.44,70.934,70.934,40,0,5.42,KZ,1595704395"
"pangnirtung,66.15,-65.71,53.6,53.6,81,75,3.1,CA,1595704244"
"fairbanks,64.84,-147.72,53.708,55.994,82,90,1.5,US,1595704086"
"kahului,20.89,-156.47,80.816,87.80000000000001,48,40,6.2,US,1595704228"
"laja,-37.27,-72.7,48.2,48.2,81,90,3.6,CL,1595704540"
"mandalgovi,45.76,106.27,58.676,58.676,85,90,9.18,MN,1595704456"
"los llanos de aridane,28.66,-17.92,73.4,73.4,73,20,8.2,ES,1595704198"
"burnie,-41.07,145.92,39.992000000000004,39.992000000000004,81,0,0.45,AU,1595704250"
"doka,13.52,35.77,70.754,70.754,92,100,3.64,SD,1595704540"
"charlottetown,46.24,-63.13,84.2,84.2,42,75,4.6,CA,1595704337"
"dioknisi,41.63,42.39,73.4,73.4,94,75,4.6,GE,1595704540"
"saskylakh,71.92,114.08,39.92,39.92,78,100,10.43,RU,1595704196"
"hosakote,14.28,77.17,74.96600000000001,74.96600000000001,80,90,5.4,IN,1595704541"
"celestun,20.87,-90.4,89.564,89.564,54,100,2.82,MX,1595704420"
"sinnamary,5.38,-52.95,83.30000000000001,83.30000000000001,81,47,4.26,GF,1595704315"
"avarua,-21.21,-159.78,71.6,71.6,73,98,4.1,CK,1595704200"
"zhanaozen,43.3,52.8,83.19200000000001,83.19200000000001,30,37,4.02,KZ,1595704233"
"okhotsk,59.38,143.3,55.508,55.508,82,0,3.64,RU,1595704200"
"san jose,37.34,-121.89,78.76400000000001,80.99600000000001,34,0,0.45,US,1595704200"
"zhigansk,66.77,123.37,52.808,52.808,90,0,5.32,RU,1595704222"
"leshukonskoye,64.9,45.76,62.546,62.546,86,40,1.97,RU,1595704542"
"cheyenne,41.14,-104.82,80.294,80.99600000000001,22,90,5.7,US,1595704499"
"mazagao,-0.12,-51.29,82.4,82.4,100,75,6.2,BR,1595704542"
"bandarbeyla,9.49,50.81,78.02600000000001,78.02600000000001,75,98,13.12,SO,1595704277"
"gilbues,-9.83,-45.34,89.33000000000001,89.33000000000001,20,0,3.97,BR,1595704543"
"inhambane,-23.86,35.38,64.202,64.4,77,20,4.13,MZ,1595704413"
"beatrice,40.27,-96.75,88.46600000000001,89.99600000000001,66,1,7.2,US,1595704543"
"butaritari,3.07,172.79,83.21000000000001,83.21000000000001,74,0,6.78,KI,1595704229"
"russkaya polyana,49.42,31.92,70.394,70.394,57,36,3.26,UA,1595704543"
"nome,64.5,-165.41,54.212,55.004,71,40,1.5,US,1595704543"
"salalah,17.02,54.09,80.6,80.6,88,75,3.6,OM,1595704027"
"torbay,47.67,-52.73,65.048,68.0,82,40,5.1,CA,1595704216"
"bilma,18.69,12.92,92.318,92.318,13,0,1.87,NE,1595704203"
"matara,5.95,80.54,78.908,78.908,83,100,5.53,LK,1595704382"
"padang,-0.95,100.35,77.108,77.108,81,92,1.79,ID,1595704244"
"gazalkent,41.56,69.77,80.6,80.6,42,0,3.1,UZ,1595704544"
"bende,5.56,7.64,73.904,73.904,93,100,2.34,NG,1595704544"
"ushtobe,45.25,77.98,77.378,77.378,25,0,4.15,KZ,1595704320"
"camacha,33.08,-16.33,71.6,71.6,73,75,6.2,PT,1595704217"
"slave lake,55.28,-114.77,62.6,62.6,77,75,6.7,CA,1595704545"
"hay river,60.82,-115.8,69.80000000000001,69.80000000000001,43,40,2.6,CA,1595704339"
"chuy,-33.7,-53.46,51.674,51.674,63,0,5.83,UY,1595704256"
"havelock,34.88,-76.9,89.456,93.2,52,5,3.1,US,1595704287"
"ilebo,-4.32,20.58,79.25,79.25,46,0,0.82,CD,1595704545"
"north bend,43.41,-124.22,63.842,66.00200000000001,67,1,10.3,US,1595704357"
"prince rupert,54.32,-130.32,60.8,60.8,72,90,4.1,CA,1595704278"
"santa marta,11.24,-74.2,86.0,86.0,79,75,2.1,CO,1595704254"
"provideniya,64.38,-173.3,52.808,52.808,63,41,3.38,RU,1595704196"
"nago,26.59,127.98,80.384,80.6,94,90,3.1,JP,1595704546"
"berlevag,70.86,29.09,60.152,60.152,69,11,6.37,NO,1595704263"
"san cristobal,7.77,-72.22,91.4,91.4,43,40,4.1,VE,1595704202"
"barentu,15.11,37.59,74.516,74.516,80,0,3.02,ER,1595704546"
"paracuru,-3.41,-39.03,80.99600000000001,80.99600000000001,72,99,5.81,BR,1595704547"
"manta,-0.95,-80.73,80.6,80.6,74,20,4.6,EC,1595704045"
"cidreira,-30.18,-50.21,56.318,56.318,60,56,6.12,BR,1595704241"
"vidalia,32.22,-82.41,91.4,91.4,41,1,2.6,US,1595704547"
"sola,-13.88,167.55,80.168,80.168,81,100,12.26,VU,1595704257"
"puerto del rosario,28.5,-13.86,80.6,80.6,61,0,8.2,ES,1595704547"
"jieshou,33.26,115.36,73.634,73.634,90,100,1.41,CN,1595704548"
"narsaq,60.92,-46.05,51.8,51.8,76,75,5.1,GL,1595704201"
"katherine,-14.47,132.27,59.0,59.0,51,0,2.6,AU,1595704209"
"port-gentil,-0.72,8.78,77.0,77.0,78,75,4.99,GA,1595704481"
"monrovia,6.3,-10.8,76.60400000000001,76.60400000000001,82,100,4.65,LR,1595704548"
"kjollefjord,70.95,27.35,62.654,62.654,60,5,4.61,NO,1595704548"
"hammelburg,50.12,9.9,71.312,73.994,49,100,1.9,DE,1595704548"
"nacozari,25.34,-108.26,95.324,96.00800000000001,53,2,1.34,MX,1595704549"
"darnah,32.77,22.64,77.684,77.684,81,0,7.97,LY,1595704213"
"kruisfontein,-34.0,24.73,64.382,64.382,30,0,4.21,ZA,1595704198"
"imeni babushkina,59.76,43.13,54.212,54.212,92,5,1.72,RU,1595704549"
"dwarka,22.24,68.97,84.77600000000001,84.77600000000001,81,100,5.64,IN,1595704549"
"borzya,50.38,116.52,67.262,67.262,75,100,2.93,RU,1595704549"
"viedma,-40.81,-63.0,51.998000000000005,51.998000000000005,51,100,5.81,AR,1595704550"
"port keats,-14.25,129.55,70.43,70.43,36,0,6.55,AU,1595704263"
"sao filipe,14.9,-24.5,80.312,80.312,80,12,1.2,CV,1595704215"
"borba,-4.39,-59.59,87.458,87.458,52,98,0.89,BR,1595704550"
"todos santos,23.45,-110.22,74.03,75.00200000000001,79,1,2.68,MX,1595704551"
"huancavelica,-12.77,-74.98,49.676,49.676,47,96,3.23,PE,1595704551"
"novooleksiyivka,46.23,34.64,73.886,73.886,47,0,4.73,UA,1595704551"
"abbeyfeale,52.38,-9.3,60.53,60.8,82,75,6.7,IE,1595704551"
"sonoita,31.85,-112.83,98.006,98.006,19,0,1.34,MX,1595704551"
"vila franca do campo,37.72,-25.43,73.4,73.4,69,20,5.1,PT,1595704238"
"santiago del estero,-27.8,-64.26,69.368,69.368,21,0,5.86,AR,1595704552"
"torbat-e jam,35.24,60.62,81.608,81.608,21,0,6.32,IR,1595704552"
"sambava,-14.27,50.17,70.952,70.952,73,100,8.35,MG,1595704243"
"ciudad bolivar,8.12,-63.55,89.816,89.816,53,61,1.35,VE,1595704552"
"tibati,6.47,12.63,69.134,69.134,93,100,1.14,CM,1595704321"
"englewood,39.65,-104.99,84.614,87.99799999999999,35,94,0.89,US,1595704553"
"teguldet,57.31,88.17,53.096000000000004,53.096000000000004,96,77,1.51,RU,1595704553"
"neuquen,-38.95,-68.06,59.0,59.0,36,100,8.2,AR,1595704553"
"fortuna,40.6,-124.16,65.93,68.0,72,20,5.1,US,1595704067"
"matagami,49.75,-77.63,66.2,66.2,100,90,2.6,CA,1595704553"
"alofi,-19.06,-169.92,71.6,71.6,83,18,4.6,NU,1595704221"
"rongcheng,30.63,117.85,72.10400000000001,72.10400000000001,91,100,0.95,CN,1595704554"
"flinders,-34.58,150.86,55.562,55.994,93,100,0.45,AU,1595704219"
"yerbogachen,61.28,108.01,50.162,50.162,93,100,2.89,RU,1595704249"
"fallon,39.47,-118.78,86.0,87.99799999999999,23,1,1.5,US,1595704554"
"luderitz,-26.65,15.16,73.4,73.4,27,0,2.1,NA,1595704204"
"mareeba,-17.0,145.43,60.476,62.006,96,25,0.75,AU,1595704554"
"puerto madero,14.72,-92.42,89.6,89.6,66,20,2.6,MX,1595704228"
"chhuikhadan,21.53,80.98,79.394,79.394,75,12,2.0,IN,1595704555"
"gorontalo,0.54,123.06,73.958,73.958,89,43,0.98,ID,1595704118"
"ancud,-41.87,-73.82,51.872,53.996,87,90,5.1,CL,1595704203"
"imaculada,-7.39,-37.51,79.322,79.322,46,100,5.13,BR,1595704555"
"san rafael del sur,11.85,-86.44,89.6,89.6,62,40,7.2,NI,1595704555"
"mossendjo,-2.95,12.73,74.49799999999999,74.49799999999999,66,93,1.24,CG,1595704556"
"coquimbo,-29.95,-71.34,66.2,66.2,34,98,3.1,CL,1595704556"
"malanje,-9.54,16.34,66.434,66.434,25,0,1.18,AO,1595704556"
"asau,46.43,26.4,64.004,64.004,87,100,0.92,RO,1595704313"
"iqaluit,63.75,-68.51,46.202,46.4,87,75,1.5,CA,1595704216"
"cockburn town,21.46,-71.14,87.80000000000001,87.80000000000001,70,40,7.2,TC,1595704556"
"ambilobe,-13.2,49.05,72.93199999999999,72.93199999999999,52,100,2.99,MG,1595704557"
"ahipara,-35.17,173.17,50.414,50.414,80,30,2.68,NZ,1595704259"
"wilmington,34.23,-77.94,87.926,89.6,55,40,2.6,US,1595704292"
"igualada,41.58,1.62,80.50999999999999,82.004,48,0,0.89,ES,1595704557"
"tuatapere,-46.13,167.68,45.41,45.41,84,100,2.75,NZ,1595704211"
"caravelas,-17.71,-39.25,76.136,76.136,72,0,3.18,BR,1595704197"
"bambous virieux,-20.34,57.76,68.0,68.0,56,75,7.2,MU,1595704193"
"dingle,11.0,122.67,76.766,76.766,86,61,0.84,PH,1595704256"
"witu,-2.39,40.44,76.154,76.154,76,5,7.95,KE,1595704558"
"phonhong,18.5,102.42,78.80000000000001,78.80000000000001,100,20,1.0,LA,1595704558"
"bay city,43.59,-83.89,84.77600000000001,86.0,42,1,4.1,US,1595704340"
"coahuayana,18.73,-103.68,80.6,80.6,78,75,2.84,MX,1595704352"
"kholm,59.27,32.85,56.444,56.444,96,96,2.88,RU,1595704559"
"simplicio mendes,-7.85,-41.91,86.702,86.702,36,89,5.05,BR,1595704559"
"seymchan,62.88,152.43,66.416,66.416,49,39,3.39,RU,1595704235"
"iwanai,42.97,140.51,65.39,65.39,85,100,2.16,JP,1595704559"
"hamilton,39.18,-84.53,89.708,91.994,49,40,2.6,US,1595704150"
"srikakulam,18.3,83.9,81.80600000000001,81.80600000000001,85,31,2.8,IN,1595704559"
"dire dawa,9.59,41.87,71.762,71.762,64,47,7.32,ET,1595704478"
"komsomolsk,49.01,33.65,72.428,72.428,45,100,1.53,UA,1595704560"
"sitka,57.05,-135.33,57.2,57.2,87,90,2.1,US,1595704219"
"marsh harbour,26.54,-77.06,84.938,84.938,69,19,10.33,BS,1595704398"
"daru,-9.08,143.21,77.34200000000001,77.34200000000001,88,73,7.1,PG,1595704239"
"adrar,20.5,-10.07,106.50200000000001,106.50200000000001,7,0,2.89,MR,1595704268"
"palana,59.12,159.97,49.586,49.586,82,0,4.07,RU,1595704561"
"birao,10.28,22.79,76.154,76.154,84,0,3.89,CF,1595704561"
"champerico,14.3,-91.92,89.6,89.6,62,40,3.1,GT,1595704192"
"hambantota,6.12,81.12,77.0,77.0,100,40,3.6,LK,1595704224"
"alice springs,-23.7,133.88,41.0,41.0,65,0,2.6,AU,1595704203"
"jipapad,12.29,125.24,76.172,76.172,93,71,0.36,PH,1595704561"
"san patricio,19.22,-104.7,89.6,89.6,75,40,5.1,MX,1595704228"
"la quinta,33.66,-116.31,96.854,98.60000000000001,23,1,3.69,US,1595704491"
"uvalde,29.37,-99.77,92.75,95.0,46,75,6.2,US,1595704562"
"aksu,41.12,80.26,82.45400000000001,82.45400000000001,25,50,1.86,CN,1595704399"
"santa cruz,-17.8,-63.17,59.684,60.8,47,75,5.7,BO,1595703938"
"port hardy,50.7,-127.42,57.2,57.2,87,40,2.6,CA,1595704238"
"guiratinga,-16.35,-53.76,91.184,91.184,20,0,1.98,BR,1595704562"
"hukuntsi,-24.0,21.75,53.51,53.51,43,0,3.51,BW,1595704460"
"half moon bay,37.46,-122.43,70.88,73.994,64,5,2.6,US,1595704242"
"saint-joseph,-21.37,55.62,57.362,66.2,55,90,7.2,RE,1595704278"
"guerrero negro,27.98,-114.06,76.532,76.532,53,3,6.44,MX,1595704218"
"oktyabrskoye,43.06,44.74,77.0,77.0,61,0,5.0,RU,1595704285"
"husavik,66.04,-17.34,48.2,48.2,81,90,7.2,IS,1595704303"
"airai,-8.93,125.41,53.312,53.312,100,94,1.55,TL,1595704217"
"kingman,35.19,-114.05,92.12,96.998,21,1,5.7,US,1595704563"
"bay roberts,47.6,-53.26,73.094,75.992,66,23,5.01,CA,1595704564"
"pacific grove,36.62,-121.92,66.77600000000001,71.99600000000001,68,1,4.6,US,1595704164"
"ranong,9.97,98.63,78.512,78.512,85,91,1.15,TH,1595704564"
"gao,16.64,1.64,98.996,98.996,24,70,2.77,ML,1595704564"
"olafsvik,64.89,-23.71,48.650000000000006,48.650000000000006,75,99,13.61,IS,1595704295"
"rawson,-43.3,-65.1,57.092,57.092,43,0,10.59,AR,1595704564"
"dawlatabad,36.41,64.91,80.99600000000001,80.99600000000001,18,0,0.99,AF,1595704235"
"praia,14.92,-23.51,84.2,84.2,74,40,5.7,CV,1595704565"
"farah,32.5,62.5,79.53800000000001,79.53800000000001,23,0,1.65,AF,1595704565"
"turayf,31.67,38.66,91.4,91.4,17,0,4.1,SA,1595704319"
"dunedin,-45.87,170.5,48.002,48.002,57,21,0.89,NZ,1595704253"
"sioux lookout,50.1,-91.92,78.80000000000001,78.80000000000001,78,75,4.6,CA,1595704565"
"lakes entrance,-37.88,147.98,48.992000000000004,48.992000000000004,93,100,3.8,AU,1595704566"
"jiaozuo,35.24,113.23,71.744,71.744,71,100,0.86,CN,1595704566"
"baymak,52.59,58.32,56.084,56.084,93,0,3.54,RU,1595704566"
"gravdal,68.12,13.5,54.391999999999996,54.391999999999996,87,100,4.98,NO,1595704566"
"harper,4.38,-7.72,75.47,75.47,80,0,4.68,LR,1595704364"
"pontianak,-0.03,109.33,74.786,74.786,95,62,2.3,ID,1595704567"
"plettenberg bay,-34.05,23.37,62.132,62.132,64,0,4.29,ZA,1595704567"
"carballo,43.21,-8.69,71.384,75.2,69,20,3.1,ES,1595704567"
"wajid,3.81,43.25,78.368,78.368,55,50,10.32,SO,1595704567"
"nageshwari,25.94,89.71,82.562,82.562,79,100,2.01,BD,1595704567"
"inta,66.03,60.17,58.730000000000004,58.730000000000004,77,0,3.12,RU,1595704568"
"olinda,-8.01,-34.86,80.6,80.6,65,75,7.7,BR,1595704379"
"ekhabi,53.51,142.97,44.672,44.672,94,0,2.1,RU,1595704568"
"sanger,36.71,-119.56,88.214,89.99600000000001,40,1,1.38,US,1595704568"
"desbiens,48.42,-71.95,78.80000000000001,78.80000000000001,54,90,3.1,CA,1595704568"
"limon,10.0,-83.03,84.2,84.2,79,75,5.7,CR,1595704568"
"margate,51.38,1.39,62.995999999999995,64.004,97,100,0.89,GB,1595704205"
"tura,25.52,90.22,76.1,76.1,90,100,1.31,IN,1595704328"
"thompson,55.74,-97.86,78.80000000000001,78.80000000000001,57,40,4.1,CA,1595704196"
"poptun,16.33,-89.42,89.816,89.816,48,76,1.59,GT,1595704569"
"amazar,53.86,120.88,65.21000000000001,65.21000000000001,92,98,1.28,RU,1595704569"
"irbil,36.19,44.01,91.4,91.4,14,0,3.6,IQ,1595704569"
"kieta,-6.22,155.63,77.612,77.612,79,100,0.96,PG,1595704251"
"mahibadhoo,3.78,72.97,82.742,82.742,73,100,3.02,MV,1595704570"
"kirakira,-10.45,161.92,77.648,77.648,86,100,4.67,SB,1595704484"
"sao paulo do potengi,-5.89,-35.76,80.6,80.6,69,40,4.1,BR,1595704570"
"waipawa,-41.41,175.52,40.262,42.007999999999996,100,0,1.0,NZ,1595704570"
"tiznit,29.58,-9.5,76.46000000000001,76.46000000000001,56,0,2.37,MA,1595704570"
"jasidih,24.52,86.65,83.24600000000001,83.24600000000001,72,53,1.73,IN,1595704570"
"inongo,-1.95,18.27,75.03800000000001,75.03800000000001,64,100,1.69,CD,1595704348"
"aswan,24.09,32.91,96.35000000000001,96.35000000000001,13,0,4.57,EG,1595704399"
"belaya gora,68.53,146.42,76.352,76.352,35,0,4.07,RU,1595704246"
"masvingo,-20.06,30.83,50.774,50.774,72,3,2.2,ZW,1595704571"
"kathmandu,27.72,85.32,73.4,73.4,88,75,1.5,NP,1595704571"
"skibbereen,51.55,-9.27,62.6,62.6,67,40,5.7,IE,1595704572"
"ust-barguzin,53.45,108.98,54.248000000000005,54.248000000000005,82,100,0.63,RU,1595704572"
"barth,54.36,12.72,71.528,71.99600000000001,60,75,1.5,DE,1595704572"
"lunca bradului,46.96,25.11,59.0,59.0,86,98,1.54,RO,1595704572"
"vila velha,-20.33,-40.29,78.152,78.99799999999999,65,20,5.7,BR,1595704228"
"hervey bay,-25.3,152.85,64.004,64.004,96,21,1.79,AU,1595704215"
"saint-francois,46.42,3.91,80.384,82.4,30,88,0.5,FR,1595704251"
"picui,-6.51,-36.35,80.22200000000001,80.22200000000001,51,100,8.74,BR,1595704572"
"portland,45.52,-122.68,67.60400000000001,69.99799999999999,59,20,2.6,US,1595704208"
"santa rosalia,27.32,-112.28,87.476,87.476,54,0,3.54,MX,1595704573"
"kargasok,59.06,80.86,52.25,52.25,72,0,2.81,RU,1595704260"
"majenang,-7.3,108.76,68.918,68.918,89,100,1.38,ID,1595704573"
"foam lake,51.65,-103.53,70.78999999999999,70.78999999999999,72,100,8.92,CA,1595704573"
"puerto cabezas,14.04,-83.39,87.80000000000001,87.80000000000001,70,75,2.1,NI,1595704483"
"lavrentiya,65.58,-171.0,46.022,46.022,76,82,2.38,RU,1595704316"
"cap malheureux,-19.98,57.61,68.0,68.0,64,48,3.13,MU,1595704574"
"antofagasta,-23.65,-70.4,60.8,60.8,59,0,3.1,CL,1595704280"
"ballina,-28.87,153.57,59.756,60.8,93,90,2.6,AU,1595704574"
"rockport,28.02,-97.05,80.22200000000001,80.99600000000001,83,90,13.4,US,1595704574"
"mayo,38.89,-76.51,86.144,89.006,66,1,3.6,US,1595704195"
"herat,34.5,62.0,81.176,81.176,21,0,7.93,AF,1595704575"
"brigantine,39.41,-74.36,84.596,86.0,58,40,4.1,US,1595704575"
"ust-ilimsk,58.0,102.66,53.096000000000004,53.096000000000004,77,79,0.74,RU,1595704575"
"yalova,40.66,29.28,72.662,73.4,83,0,5.7,TR,1595704575"
"salamiyah,35.01,37.05,73.202,73.202,65,0,4.47,SY,1595704575"
"khani,41.96,42.96,75.2,75.2,88,90,3.1,GE,1595704301"
"bonfim,3.08,-59.95,87.242,87.242,62,55,2.49,BR,1595704576"
"anchorage,61.22,-149.9,56.678,57.992000000000004,71,90,2.6,US,1595704485"
"pangody,65.85,74.49,53.06,53.06,79,43,3.98,RU,1595704208"
"snezhnogorsk,69.19,33.25,62.6,62.6,59,1,2.0,RU,1595704576"
"westerly,41.38,-71.83,84.668,93.00200000000001,51,1,3.6,US,1595704576"
"hasaki,35.73,140.83,75.074,75.2,100,75,1.5,JP,1595704225"
"el campo,29.2,-96.27,77.648,78.99799999999999,88,75,4.1,US,1595704576"
"mokhotlong,-29.29,29.07,39.254,39.254,54,0,1.09,LS,1595704289"
"baganga,7.57,126.56,77.25200000000001,77.25200000000001,80,83,2.09,PH,1595704577"
"abnub,27.27,31.15,89.6,89.6,31,0,5.1,EG,1595704291"
"neiafu,-18.65,-173.98,75.2,75.2,78,40,3.6,TO,1595704577"
"estevan,49.13,-102.98,70.988,73.004,56,75,6.7,CA,1595704537"
"yar-sale,66.83,70.83,51.926,51.926,83,57,0.98,RU,1595704375"
"kalyan,19.25,73.15,82.4,82.4,94,75,1.5,IN,1595704577"
"khorramshahr,30.44,48.17,93.2,93.2,71,0,1.0,IR,1595704578"
"amposta,40.71,0.58,77.21600000000001,80.006,62,0,2.99,ES,1595704578"
"seydi,39.48,62.91,87.81800000000001,87.81800000000001,15,0,6.22,TM,1595704209"
"jadu,31.95,12.03,78.99799999999999,78.99799999999999,33,0,5.04,LY,1595704578"
"vila,42.03,-8.16,77.0,77.0,44,0,1.79,PT,1595704280"
"sarankhola,22.31,89.79,79.826,79.826,90,95,2.02,BD,1595704446"
"stupino,54.9,38.07,58.928,60.998000000000005,76,30,2.0,RU,1595704578"
"moerai,-22.43,-151.33,72.554,72.554,78,0,6.15,PF,1595704367"
"yunyang,33.45,112.71,70.304,70.304,94,100,1.39,CN,1595704579"
"nohar,29.18,74.77,93.398,93.398,48,0,4.0,IN,1595704579"
"roald,62.58,6.13,58.19,60.008,76,20,6.7,NO,1595704318"
"poronaysk,49.22,143.12,48.596000000000004,48.596000000000004,90,0,0.7,RU,1595704208"
"coihaique,-45.58,-72.07,42.8,42.8,93,75,1.0,CL,1595704467"
"makakilo city,21.35,-158.09,82.49000000000001,84.2,62,40,4.6,US,1595704244"
"bone,51.97,12.14,73.634,75.992,57,73,0.43,DE,1595704502"
"bathsheba,13.22,-59.52,89.6,89.6,66,40,7.2,BB,1595704249"
"port augusta,-32.5,137.77,48.2,48.2,93,90,1.5,AU,1595704219"
"saint anthony,45.02,-93.22,84.398,86.0,66,75,5.1,US,1595704219"
"chapais,49.78,-74.85,73.4,73.4,64,90,4.6,CA,1595704580"
"kumluca,36.37,30.29,85.74799999999999,85.74799999999999,41,0,1.39,TR,1595704580"
"vao,-22.67,167.48,70.78999999999999,70.78999999999999,81,1,8.77,NC,1595704227"
"sungairaya,0.7,108.9,77.612,77.612,87,91,2.01,ID,1595704581"
"kavaratti,10.57,72.64,81.68,81.68,78,100,3.96,IN,1595704261"
"jalu,29.03,21.55,85.838,85.838,38,0,8.13,LY,1595704235"
"hirara,24.8,125.28,85.028,85.028,78,100,5.32,JP,1595704251"
"san quintin,30.48,-115.95,71.078,71.078,65,0,5.07,MX,1595704206"
"batagay,67.63,134.63,68.45,68.45,49,72,3.28,RU,1595704393"
"charters towers,-20.1,146.27,61.016000000000005,61.016000000000005,84,37,2.46,AU,1595704345"
"jodhpur,26.29,73.03,86.846,86.846,61,86,3.83,IN,1595704581"
"princeton,25.54,-80.41,88.268,89.99600000000001,70,75,6.7,US,1595704582"
"boca do acre,-8.75,-67.4,91.74199999999999,91.74199999999999,44,100,0.8,BR,1595704242"
"shingu,33.73,135.98,73.904,73.904,92,100,0.31,JP,1595704582"
"pulandian,39.4,121.97,73.166,73.4,78,100,2.0,CN,1595704582"
"kawalu,-7.38,108.21,69.25999999999999,69.25999999999999,88,99,0.7,ID,1595704252"
"gushikawa,26.35,127.87,80.384,80.6,94,90,3.1,JP,1595704582"
"nazilli,37.92,28.32,82.47200000000001,82.47200000000001,34,0,1.74,TR,1595704583"
"sechura,-5.56,-80.82,74.516,74.516,55,11,5.54,PE,1595704220"
"severo-kurilsk,50.68,156.12,49.46,49.46,83,100,4.82,RU,1595704226"
"lompoc,34.64,-120.46,63.284,66.00200000000001,77,5,2.6,US,1595703918"
"pisco,-13.7,-76.22,64.652,64.994,77,20,4.1,PE,1595704229"
"carutapera,-1.2,-46.02,84.362,84.362,69,30,3.55,BR,1595704583"
"kindu,-2.95,25.95,77.666,77.666,39,0,0.94,CD,1595704583"
"saint-augustin,51.23,-58.65,71.708,71.708,65,87,5.73,CA,1595704244"
"ostrovnoy,68.05,39.51,59.702,59.702,84,11,3.07,RU,1595704228"
"la asuncion,11.03,-63.86,68.0,68.0,100,100,1.0,VE,1595704292"
"karabuk,41.2,32.63,71.87,71.87,57,0,0.22,TR,1595704584"
"sao felix do xingu,-6.64,-51.99,94.28,94.28,26,3,2.29,BR,1595704321"
"balkanabat,39.51,54.37,92.19200000000001,92.19200000000001,32,88,5.92,TM,1595704584"
"la primavera,5.49,-70.41,81.69800000000001,81.69800000000001,82,99,4.29,CO,1595704584"
"saint-denis,48.92,2.33,72.69800000000001,73.4,53,90,5.1,FR,1595704585"
"samarai,-10.62,150.67,79.07,79.07,84,91,6.23,PG,1595704339"
"beisfjord,68.38,17.6,60.8,60.8,63,75,6.7,NO,1595704585"
"sabang,5.89,95.32,82.886,82.886,76,89,3.62,ID,1595704585"
"aljezur,37.32,-8.8,76.136,76.136,54,0,6.94,PT,1595704585"
"sfantu gheorghe,45.87,25.78,61.790000000000006,62.995999999999995,83,100,1.79,RO,1595704586"
"westport,41.14,-73.36,88.34,89.99600000000001,52,1,5.1,US,1595704252"
"acari,-15.43,-74.62,72.482,72.482,43,25,3.83,PE,1595704586"
"lahij,13.17,44.58,82.202,82.202,70,99,2.86,YE,1595704586"
"mount isa,-20.73,139.5,59.0,59.0,38,0,8.2,AU,1595704240"
"norman wells,65.28,-126.83,68.0,68.0,45,75,1.0,CA,1595704193"
"vestmannaeyjar,63.44,-20.27,51.8,51.8,76,40,4.1,IS,1595704246"
"ariquemes,-9.91,-63.04,92.38999999999999,92.38999999999999,38,94,1.15,BR,1595704587"
"buin,-33.73,-70.75,49.424,51.8,43,75,1.5,CL,1595704587"
"mokhsogollokh,61.47,128.92,61.718,61.718,96,100,3.39,RU,1595704587"
"simbahan,6.3,120.58,83.84,83.84,70,100,2.48,PH,1595704587"
"sovetskiy,61.36,63.58,55.004,55.004,70,36,1.22,RU,1595704240"
"balabac,7.99,117.06,81.266,81.266,76,78,2.81,PH,1595704588"
"bykovo,55.64,38.08,59.647999999999996,62.995999999999995,77,79,2.65,RU,1595704588"
"grand-lahou,5.14,-5.02,74.39,74.39,85,2,4.59,CI,1595704588"
"dumas,35.87,-101.97,89.078,91.994,45,1,5.1,US,1595704588"
"alice town,25.72,-79.3,84.506,84.506,73,2,8.39,BS,1595704588"
"araouane,18.9,-3.53,99.788,99.788,29,0,5.35,ML,1595704255"
"vytegra,61.01,36.45,56.984,56.984,88,100,3.0,RU,1595704588"
"ferme-neuve,46.7,-75.45,83.57,83.57,40,52,4.72,CA,1595704589"
"sao jose da coroa grande,-8.9,-35.15,76.766,76.766,73,53,5.95,BR,1595704468"
"canete,-37.8,-73.4,49.928,49.928,85,100,5.58,CL,1595704589"
"bani walid,31.76,13.99,79.016,79.016,37,0,5.1,LY,1595704362"
"eyemouth,55.87,-2.09,60.008,60.998000000000005,75,100,4.73,GB,1595704589"
"faya,18.39,42.45,76.082,80.6,83,17,2.6,SA,1595704243"
"nantucket,41.28,-70.1,73.4,73.4,83,20,4.1,US,1595704272"
"morehead,37.27,-87.18,86.63,89.99600000000001,66,1,1.82,US,1595704590"
"lagoa,39.05,-27.98,72.338,72.338,88,0,7.13,PT,1595704239"
"bida,9.08,6.02,77.576,77.576,85,93,0.7,NG,1595704590"
"axim,4.87,-2.24,75.65,75.65,81,25,4.68,GH,1595704351"
"klyuchi,52.27,79.17,64.02199999999999,64.02199999999999,85,100,4.7,RU,1595704313"
"tecpan,14.76,-90.99,72.06800000000001,78.80000000000001,61,75,5.1,GT,1595704590"
"touros,-5.2,-35.46,82.4,82.4,65,40,5.1,BR,1595704241"
"vanimo,-2.67,141.3,79.214,79.214,82,100,2.31,PG,1595704233"
"zunyi,27.69,106.91,72.78800000000001,72.78800000000001,93,100,1.23,CN,1595704591"
"orlik,52.52,99.83,56.57,56.57,71,100,1.51,RU,1595704591"
"dabeiba,7.0,-76.27,81.10400000000001,81.10400000000001,73,97,1.6,CO,1595704591"
"praia da vitoria,38.73,-27.07,75.2,75.2,69,40,2.73,PT,1595704246"
"santarem,-2.44,-54.71,87.80000000000001,87.80000000000001,70,20,4.6,BR,1595704511"
"bilibino,68.05,166.44,72.10400000000001,72.10400000000001,55,4,1.68,RU,1595704245"
"kristiansund,63.11,7.73,57.2,57.2,67,0,7.7,NO,1595704592"
"moose factory,51.26,-80.61,78.80000000000001,78.80000000000001,78,90,3.6,CA,1595704592"
"koutiala,12.39,-5.46,80.438,80.438,75,58,3.08,ML,1595704592"
"henties bay,-22.12,14.28,66.992,66.992,47,0,4.08,NA,1595704221"
"wharton,29.31,-96.1,79.68199999999999,86.0,88,75,4.1,US,1595704593"
"flin flon,54.77,-101.86,77.0,77.0,57,40,1.0,CA,1595704196"
"aklavik,68.22,-135.01,53.6,53.6,76,75,3.6,CA,1595704233"
"mbala,-8.84,31.37,59.036,59.036,53,0,5.25,ZM,1595704593"
"ketchikan,55.34,-131.65,58.64,60.8,93,90,5.7,US,1595704239"
"balakhta,55.38,91.6,57.974000000000004,57.974000000000004,92,93,2.43,RU,1595704593"
"buchanan,5.88,-10.05,76.172,76.172,82,100,4.12,LR,1595704385"
"nizwa,22.93,57.53,89.726,89.726,40,10,4.07,OM,1595704594"
"hazorasp,41.32,61.07,78.80000000000001,78.80000000000001,54,0,2.1,UZ,1595704300"
"sorong,-0.88,131.25,77.612,77.612,91,100,5.36,ID,1595704237"
"ongandjera,-17.88,15.07,62.995999999999995,62.995999999999995,30,0,3.09,NA,1595704262"
"leh,34.17,77.58,64.202,64.202,37,16,1.51,IN,1595704288"
"casimiro de abreu,-22.48,-42.2,80.6,80.6,54,3,4.1,BR,1595704582"
"valparaiso,-33.04,-71.63,62.6,62.6,33,0,6.2,CL,1595704494"
"tungao,8.78,125.57,73.616,73.616,93,6,0.45,PH,1595704595"
"lasa,46.62,10.7,64.94,66.992,59,40,0.66,IT,1595704226"
"puerto madryn,-42.77,-65.04,57.290000000000006,57.290000000000006,44,96,9.23,AR,1595704336"
"sangueya,10.7,-14.37,75.70400000000001,75.70400000000001,94,100,2.81,GN,1595704595"
"boende,-0.22,20.87,74.084,74.084,86,100,0.67,CD,1595704595"
"fengrun,39.83,118.12,76.78399999999999,76.78399999999999,64,100,3.25,CN,1595704596"
"khandyga,62.67,135.6,66.47,66.47,43,50,3.3,RU,1595704322"
"novyy urengoy,66.08,76.63,57.164,57.164,63,95,3.89,RU,1595704285"
"pimentel,-6.84,-79.93,68.0,68.0,68,40,6.2,PE,1595704596"
"melita,49.27,-101.0,87.044,87.044,46,0,2.96,CA,1595704596"
"neryungri,56.67,124.65,54.05,54.05,91,4,1.14,RU,1595704596"
"baiyin,36.56,104.21,61.16,68.0,93,0,2.0,CN,1595704596"
